season,round,pick,team,gsis_id,pfr_player_id,cfb_player_id,pfr_player_name,hof,position,category,side,college,age,to,allpro,probowls,seasons_started,w_av,car_av,dr_av,games,pass_completions,pass_attempts,pass_yards,pass_tds,pass_ints,rush_atts,rush_yards,rush_tds,receptions,rec_yards,rec_tds,def_solo_tackles,def_ints,def_sacks
2025,1,1,TEN,,WardCa00,cameron-ward-1,Cam Ward,False,QB,QB,O,Miami (FL),23.0,,0,0,0,,,,,,,,,,,,,,,,,,
2025,1,2,JAX,,HuntTr00,travis-hunter-2,Travis Hunter,False,WR,WR,O,Colorado,22.0,,0,0,0,,,,,,,,,,,,,,,,,,
2025,1,3,NYG,,CartAb00,abdul-carter-1,Abdul Carter,False,DE,DL,D,Penn St.,21.0,,0,0,0,,,,,,,,,,,,,,,,,,
2025,1,4,NWE,,CampWi01,will-campbell-1,Will Campbell,False,OT,OL,O,LSU,21.0,,0,0,0,,,,,,,,,,,,,,,,,,
2025,1,5,CLE,,GrahMa00,mason-graham-2,Mason Graham,False,DT,DL,D,Michigan,22.0,,0,0,0,,,,,,,,,,,,,,,,,,
2025,1,6,LVR,,JeanAs00,ashton-jeanty-1,Ashton Jeanty,False,RB,RB,O,Boise St.,21.0,,0,0,0,,,,,,,,,,,,,,,,,,
2025,1,7,NYJ,,MembAr00,armand-membou-1,Armand Membou,False,OL,OL,O,Missouri,21.0,,0,0,0,,,,,,,,,,,,,,,,,,
2025,1,8,CAR,,McMiTe00,tetairoa-mcmillan-1,Tetairoa McMillan,False,WR,WR,O,Arizona,22.0,,0,0,0,,,,,,,,,,,,,,,,,,
2025,1,9,NOR,,BankKe01,kelvin-banks-jr-1,Kelvin Banks,False,OL,OL,O,Texas,21.0,,0,0,0,,,,,,,,,,,,,,,,,,
2025,1,10,CHI,,LoveCo00,colston-loveland-1,Colston Loveland,False,TE,TE,O,Michigan,21.0,,0,0,0,,,,,,,,,,,,,,,,,,
2025,1,11,SFO,,WillMy00,mykel-williams-1,Mykel Williams,False,DL,DL,D,Georgia,21.0,,0,0,0,,,,,,,,,,,,,,,,,,
2025,1,12,DAL,,BookTy00,tyler-booker-1,Tyler Booker,False,OL,OL,O,Alabama,21.0,,0,0,0,,,,,,,,,,,,,,,,,,
2025,1,13,MIA,,GranKe01,kenneth-grant-2,Kenneth Grant,False,DT,DL,D,Michigan,21.0,,0,0,0,,,,,,,,,,,,,,,,,,
2025,1,14,IND,,WarrTy00,tyler-warren-1,Tyler Warren,False,TE,TE,O,Penn St.,23.0,,0,0,0,,,,,,,,,,,,,,,,,,
2025,1,15,ATL,,WalkJa02,jalon-walker-1,Jalon Walker,False,DE,DL,D,Georgia,21.0,,0,0,0,,,,,,,,,,,,,,,,,,
2025,1,16,ARI,,NoleWa00,walter-nolen-1,Walter Nolen,False,DT,DL,D,Mississippi,21.0,,0,0,0,,,,,,,,,,,,,,,,,,
2025,1,17,CIN,,StewSh00,shemar-stewart-1,Shemar Stewart,False,DE,DL,D,Texas A&M,21.0,,0,0,0,,,,,,,,,,,,,,,,,,
2025,1,18,SEA,,ZabeGr00,,Grey Zabel,False,OT,OL,O,North Dakota St.,23.0,,0,0,0,,,,,,,,,,,,,,,,,,
2025,1,19,TAM,,EgbuEm01,emeka-egbuka-1,Emeka Egbuka,False,WR,WR,O,Ohio St.,22.0,,0,0,0,,,,,,,,,,,,,,,,,,
2025,1,20,DEN,,BarrJa01,jahdae-barron-1,Jahdae Barron,False,CB,DB,D,Texas,23.0,,0,0,0,,,,,,,,,,,,,,,,,,
2025,1,21,PIT,,HarmDe01,derrick-harmon-2,Derrick Harmon,False,DT,DL,D,Oregon,22.0,,0,0,0,,,,,,,,,,,,,,,,,,
2025,1,22,LAC,,HampOm00,omarion-hampton-1,Omarion Hampton,False,RB,RB,O,North Carolina,22.0,,0,0,0,,,,,,,,,,,,,,,,,,
2025,1,23,GNB,,GoldMa02,matthew-golden-1,Matthew Golden,False,WR,WR,O,Texas,22.0,,0,0,0,,,,,,,,,,,,,,,,,,
2025,1,24,MIN,,JackDo03,donovan-jackson-1,Donovan Jackson,False,OL,OL,O,Ohio St.,22.0,,0,0,0,,,,,,,,,,,,,,,,,,
2025,1,25,NYG,,DartJa00,jaxson-dart-1,Jaxson Dart,False,QB,QB,O,Mississippi,22.0,,0,0,0,,,,,,,,,,,,,,,,,,
2025,1,26,ATL,,PearJa00,james-pearce-jr-1,James Pearce,False,DE,DL,D,Tennessee,21.0,,0,0,0,,,,,,,,,,,,,,,,,,
2025,1,27,BAL,,StarMa00,malaki-starks-1,Malaki Starks,False,SAF,DB,D,Georgia,21.0,,0,0,0,,,,,,,,,,,,,,,,,,
2025,1,28,DET,,WillTy02,tyleik-williams-1,Tyleik Williams,False,DT,DL,D,Ohio St.,22.0,,0,0,0,,,,,,,,,,,,,,,,,,
2025,1,29,WAS,,ConeJo00,josh-conerly-jr-1,Josh Conerly,False,OL,OL,O,Oregon,21.0,,0,0,0,,,,,,,,,,,,,,,,,,
2025,1,30,BUF,,HairMa00,maxwell-hairston-1,Maxwell Hairston,False,CB,DB,D,Kentucky,22.0,,0,0,0,,,,,,,,,,,,,,,,,,
2025,1,31,PHI,,CampJi00,jihaad-campbell-1,Jihaad Campbell,False,LB,LB,D,Alabama,21.0,,0,0,0,,,,,,,,,,,,,,,,,,
2025,1,32,KAN,,SimmJo01,josh-simmons-1,Josh Simmons,False,OL,OL,O,Ohio St.,22.0,,0,0,0,,,,,,,,,,,,,,,,,,
2025,2,33,CLE,,SchwCa00,carson-schwesinger-1,Carson Schwesinger,False,LB,LB,D,UCLA,22.0,,0,0,0,,,,,,,,,,,,,,,,,,
2025,2,34,HOU,,HiggJa00,jayden-higgins-1,Jayden Higgins,False,WR,WR,O,Iowa St.,22.0,,0,0,0,,,,,,,,,,,,,,,,,,
2025,2,35,SEA,,EmmaNi00,nick-emmanwori-1,Nick Emmanwori,False,SAF,DB,D,South Carolina,21.0,,0,0,0,,,,,,,,,,,,,,,,,,
2025,2,36,CLE,,JudkQu00,quinshon-judkins-1,Quinshon Judkins,False,RB,RB,O,Ohio St.,21.0,,0,0,0,,,,,,,,,,,,,,,,,,
2025,2,37,MIA,,SavaJo00,jonah-savaiinaea-1,Jonah Savaiinaea,False,OL,OL,O,Arizona,21.0,,0,0,0,,,,,,,,,,,,,,,,,,
2025,2,38,NWE,,HendTr02,treveyon-henderson-1,TreVeyon Henderson,False,RB,RB,O,Ohio St.,22.0,,0,0,0,,,,,,,,,,,,,,,,,,
2025,2,39,CHI,,BurdLu00,luther-burden-1,Luther Burden,False,WR,WR,O,Missouri,21.0,,0,0,0,,,,,,,,,,,,,,,,,,
2025,2,40,NOR,,ShouTy00,tyler-shough-1,Tyler Shough,False,QB,QB,O,Louisville,25.0,,0,0,0,,,,,,,,,,,,,,,,,,
2025,2,41,BUF,,SandTJ00,tj-sanders-2,T.J. Sanders,False,DT,DL,D,South Carolina,22.0,,0,0,0,,,,,,,,,,,,,,,,,,
2025,2,42,NYJ,,TaylMa02,mason-taylor-1,Mason Taylor,False,TE,TE,O,LSU,21.0,,0,0,0,,,,,,,,,,,,,,,,,,
2025,2,43,SFO,,CollAl01,alfred-collins-1,Alfred Collins,False,DT,DL,D,Texas,23.0,,0,0,0,,,,,,,,,,,,,,,,,,
2025,2,44,DAL,,EzeiDo00,donovan-ezeiruaku-1,Donovan Ezeiruaku,False,DE,DL,D,Boston Col.,21.0,,0,0,0,,,,,,,,,,,,,,,,,,
2025,2,45,IND,,TuimJT00,jt-tuimoloau-1,JT Tuimoloau,False,DE,DL,D,Ohio St.,22.0,,0,0,0,,,,,,,,,,,,,,,,,,
2025,2,46,LAR,,FergTe00,terrance-ferguson-1,Terrance Ferguson,False,TE,TE,O,Oregon,22.0,,0,0,0,,,,,,,,,,,,,,,,,,
2025,2,47,ARI,,JohnWi02,will-johnson-10,Will Johnson,False,CB,DB,D,Michigan,22.0,,0,0,0,,,,,,,,,,,,,,,,,,
2025,2,48,HOU,,ErseAi00,aireontae-ersery-1,Aireontae Ersery,False,OL,OL,O,Minnesota,23.0,,0,0,0,,,,,,,,,,,,,,,,,,
2025,2,49,CIN,,KnigDe00,demetrius-knight-ii-1,Demetrius Knight,False,LB,LB,D,South Carolina,25.0,,0,0,0,,,,,,,,,,,,,,,,,,
2025,2,50,SEA,,ArroEl00,elijah-arroyo-1,Elijah Arroyo,False,TE,TE,O,Miami (FL),22.0,,0,0,0,,,,,,,,,,,,,,,,,,
2025,2,51,CAR,,ScouNi00,nic-caraway-1,Nic Scourton,False,DE,DL,D,Texas A&M,21.0,,0,0,0,,,,,,,,,,,,,,,,,,
2025,2,52,TEN,,OladOl00,femi-oladejo-1,Oluwafemi Oladejo,False,DE,DL,D,UCLA,21.0,,0,0,0,,,,,,,,,,,,,,,,,,
2025,2,53,TAM,,MorrBe00,benjamin-morrison-1,Benjamin Morrison,False,CB,DB,D,Notre Dame,21.0,,0,0,0,,,,,,,,,,,,,,,,,,
2025,2,54,GNB,,BeltAn00,anthony-belton-1,Anthony Belton,False,OT,OL,O,North Carolina St.,24.0,,0,0,0,,,,,,,,,,,,,,,,,,
2025,2,55,LAC,,HarrTr03,tre-harris-1,Tre Harris,False,WR,WR,O,Mississippi,23.0,,0,0,0,,,,,,,,,,,,,,,,,,
2025,2,56,CHI,,TrapOz00,ozzy-trapilo-1,Ozzy Trapilo,False,OL,OL,O,Boston Col.,23.0,,0,0,0,,,,,,,,,,,,,,,,,,
2025,2,57,DET,,RatlTa00,tate-ratledge-1,Tate Ratledge,False,OL,OL,O,Georgia,24.0,,0,0,0,,,,,,,,,,,,,,,,,,
2025,2,58,LVR,,BechJa00,jack-bech-1,Jack Bech,False,WR,WR,O,TCU,22.0,,0,0,0,,,,,,,,,,,,,,,,,,
2025,2,59,BAL,,GreeMi02,mike-green-14,Mike Green,False,DE,DL,D,Marshall,22.0,,0,0,0,,,,,,,,,,,,,,,,,,
2025,2,60,DEN,,HarvRJ00,rj-harvey-1,RJ Harvey,False,RB,RB,O,Central Florida,24.0,,0,0,0,,,,,,,,,,,,,,,,,,
2025,2,61,WAS,,AmosTr00,trey-amos-1,Trey Amos,False,CB,DB,D,Mississippi,23.0,,0,0,0,,,,,,,,,,,,,,,,,,
2025,2,62,CHI,,TurnSh00,shemar-turner-1,Shemar Turner,False,DE,DL,D,Texas A&M,22.0,,0,0,0,,,,,,,,,,,,,,,,,,
2025,2,63,KAN,,NormOm00,omarr-norman-lott-1,Omarr Norman-Lott,False,DT,DL,D,Tennessee,23.0,,0,0,0,,,,,,,,,,,,,,,,,,
2025,2,64,PHI,,MukuAn00,andrew-mukuba-1,Andrew Mukuba,False,SAF,DB,D,Texas,22.0,,0,0,0,,,,,,,,,,,,,,,,,,
2025,3,65,NYG,,AlexDa01,darius-alexander-1,Darius Alexander,False,DT,DL,D,Toledo,25.0,,0,0,0,,,,,,,,,,,,,,,,,,
2025,3,66,KAN,,GillAs00,ashton-gillotte-1,Ashton Gillotte,False,DE,DL,D,Louisville,22.0,,0,0,0,,,,,,,,,,,,,,,,,,
2025,3,67,CLE,,FannHa00,harold-fannin-jr-1,Harold Fannin,False,TE,TE,O,Bowling Green,21.0,,0,0,0,,,,,,,,,,,,,,,,,,
2025,3,68,LVR,,PortDa00,darien-porter-1,Darien Porter,False,CB,DB,D,Iowa St.,24.0,,0,0,0,,,,,,,,,,,,,,,,,,
2025,3,69,NWE,,WillKy03,kyle-williams-11,Kyle Williams,False,WR,WR,O,Washington St.,22.0,,0,0,0,,,,,,,,,,,,,,,,,,
2025,3,70,DET,,TeSlIs00,isaac-teslaa-1,Isaac TeSlaa,False,WR,WR,O,Arkansas,23.0,,0,0,0,,,,,,,,,,,,,,,,,,
2025,3,71,NOR,,BrouVe00,vernon-broughton-1,Vernon Broughton,False,DT,DL,D,Texas,24.0,,0,0,0,,,,,,,,,,,,,,,,,,
2025,3,72,BUF,,JackLa03,landon-jackson-1,Landon Jackson,False,DE,DL,D,Arkansas,22.0,,0,0,0,,,,,,,,,,,,,,,,,,
2025,3,73,NYJ,,ThomAz00,azareyeh-thomas-1,Azareye'h Thomas,False,CB,DB,D,Florida St.,21.0,,0,0,0,,,,,,,,,,,,,,,,,,
2025,3,74,DEN,,BryaPa00,pat-bryant-1,Pat Bryant,False,WR,WR,O,Illinois,22.0,,0,0,0,,,,,,,,,,,,,,,,,,
2025,3,75,SFO,,MartNi01,nickolas-martin-1,Nick Martin,False,LB,LB,D,Oklahoma St.,22.0,,0,0,0,,,,,,,,,,,,,,,,,,
2025,3,76,DAL,,ReveSh00,shavon-revel-1,Shavon Revel,False,CB,DB,D,East Carolina,24.0,,0,0,0,,,,,,,,,,,,,,,,,,
2025,3,77,CAR,,UmanPr00,princely-umanmielen-1,Princely Umanmielen,False,DE,DL,D,Mississippi,23.0,,0,0,0,,,,,,,,,,,,,,,,,,
2025,3,78,ARI,,BurcJo00,jordan-burch-1,Jordan Burch,False,DE,DL,D,Oregon,23.0,,0,0,0,,,,,,,,,,,,,,,,,,
2025,3,79,HOU,,NoelJa00,jaylin-noel-1,Jaylin Noel,False,WR,WR,O,Iowa St.,23.0,,0,0,0,,,,,,,,,,,,,,,,,,
2025,3,80,IND,,WallJu00,justin-walley-1,Justin Walley,False,CB,DB,D,Minnesota,22.0,,0,0,0,,,,,,,,,,,,,,,,,,
2025,3,81,CIN,,FairDy00,dylan-fairchild-1,Dylan Fairchild,False,OL,OL,O,Georgia,22.0,,0,0,0,,,,,,,,,,,,,,,,,,
2025,3,82,TEN,,WinsKe02,kevin-winston-1,Kevin Winston,False,SAF,DB,D,Penn St.,21.0,,0,0,0,,,,,,,,,,,,,,,,,,
2025,3,83,PIT,,JohnKa03,kaleb-johnson-2,Kaleb Johnson,False,RB,RB,O,Iowa,22.0,,0,0,0,,,,,,,,,,,,,,,,,,
2025,3,84,TAM,,ParrJa01,jacob-parrish-1,Jacob Parrish,False,CB,DB,D,Kansas St.,21.0,,0,0,0,,,,,,,,,,,,,,,,,,
2025,3,85,KAN,,WillNo01,nohl-williams-1,Nohl Williams,False,CB,DB,D,California,22.0,,0,0,0,,,,,,,,,,,,,,,,,,
2025,3,86,LAC,,CaldJa00,jamaree-caldwell-1,Jamaree Caldwell,False,DT,DL,D,Oregon,25.0,,0,0,0,,,,,,,,,,,,,,,,,,
2025,3,87,GNB,,WillSa01,savion-williams-2,Savion Williams,False,WR,WR,O,TCU,23.0,,0,0,0,,,,,,,,,,,,,,,,,,
2025,3,88,JAX,,RansCa00,caleb-ransaw-1,Caleb Ransaw,False,SAF,DB,D,Tulane,22.0,,0,0,0,,,,,,,,,,,,,,,,,,
2025,3,89,JAX,,MiluWy00,wyatt-milum-1,Wyatt Milum,False,OL,OL,O,West Virginia,22.0,,0,0,0,,,,,,,,,,,,,,,,,,
2025,3,90,LAR,,StewJo03,josaiah-stewart-1,Josaiah Stewart,False,DE,DL,D,Michigan,22.0,,0,0,0,,,,,,,,,,,,,,,,,,
2025,3,91,BAL,,JoneEm02,emery-jones-1,Emery Jones,False,OL,OL,O,LSU,21.0,,0,0,0,,,,,,,,,,,,,,,,,,
2025,3,92,SEA,,MilrJa00,jalen-milroe-1,Jalen Milroe,False,QB,QB,O,Alabama,22.0,,0,0,0,,,,,,,,,,,,,,,,,,
2025,3,93,NOR,,SankJo00,jonas-sanker-1,Jonas Sanker,False,SAF,DB,D,Virginia,22.0,,0,0,0,,,,,,,,,,,,,,,,,,
2025,3,94,CLE,,GabrDi00,dillon-gabriel-1,Dillon Gabriel,False,QB,QB,O,Oregon,24.0,,0,0,0,,,,,,,,,,,,,,,,,,
2025,3,95,NWE,,WilsJa02,jared-wilson-2,Jared Wilson,False,OL,OL,O,Georgia,22.0,,0,0,0,,,,,,,,,,,,,,,,,,
2025,3,96,ATL,,WattXa00,xavier-watts-1,Xavier Watts,False,SAF,DB,D,Notre Dame,23.0,,0,0,0,,,,,,,,,,,,,,,,,,
2025,3,97,HOU,,SmitJa11,jaylin-smith-1,Jaylin Smith,False,CB,DB,D,USC,21.0,,0,0,0,,,,,,,,,,,,,,,,,,
2025,3,98,LVR,,RogeCa01,caleb-rogers-1,Caleb Rogers,False,OL,OL,O,Texas Tech,23.0,,0,0,0,,,,,,,,,,,,,,,,,,
2025,3,99,LVR,,GranCh00,,Charles Grant,False,OL,OL,O,William & Mary,23.0,,0,0,0,,,,,,,,,,,,,,,,,,
2025,3,100,SFO,,StouUp00,upton-stout-1,Upton Stout,False,CB,DB,D,Western Kentucky,23.0,,0,0,0,,,,,,,,,,,,,,,,,,
2025,3,101,DEN,,JoneSa01,saivion-jones-1,Sai'vion Jones,False,DE,DL,D,LSU,22.0,,0,0,0,,,,,,,,,,,,,,,,,,
2025,3,102,MIN,,FeltTa00,tai-felton-1,Tai Felton,False,WR,WR,O,Maryland,22.0,,0,0,0,,,,,,,,,,,,,,,,,,
2025,4,103,TEN,,DikeCh00,chimere-dike-1,Chimere Dike,False,WR,WR,O,Florida,23.0,,0,0,0,,,,,,,,,,,,,,,,,,
2025,4,104,JAX,,TuteBh00,bhayshul-tuten-1,Bhayshul Tuten,False,RB,RB,O,Virginia Tech,23.0,,0,0,0,,,,,,,,,,,,,,,,,,
2025,4,105,NYG,,SkatCa00,cameron-skattebo-1,Cam Skattebo,False,RB,RB,O,Arizona St.,23.0,,0,0,0,,,,,,,,,,,,,,,,,,
2025,4,106,NWE,,WoodCr00,criag-woodson-1,Craig Woodson,False,SAF,DB,D,California,24.0,,0,0,0,,,,,,,,,,,,,,,,,,
2025,4,107,JAX,,KiseJa00,jack-kiser-1,Jack Kiser,False,LB,LB,D,Notre Dame,24.0,,0,0,0,,,,,,,,,,,,,,,,,,
2025,4,108,LVR,,ThorDo00,donte-thornton-1,Dont'e Thornton,False,WR,WR,O,Tennessee,22.0,,0,0,0,,,,,,,,,,,,,,,,,,
2025,4,109,BUF,,WalkDe04,deone-walker-1,Deone Walker,False,DT,DL,D,Kentucky,21.0,,0,0,0,,,,,,,,,,,,,,,,,,
2025,4,110,NYJ,,SmitAr01,arian-smith-1,Arian Smith,False,WR,WR,O,Georgia,23.0,,0,0,0,,,,,,,,,,,,,,,,,,
2025,4,111,PHI,,RobiTy02,ty-robinson-1,Ty Robinson,False,DT,DL,D,Nebraska,24.0,,0,0,0,,,,,,,,,,,,,,,,,,
2025,4,112,NOR,,StutDa00,danny-stutsman-1,Danny Stutsman,False,LB,LB,D,Oklahoma,22.0,,0,0,0,,,,,,,,,,,,,,,,,,
2025,4,113,SFO,,WestCJ00,cj-west-1,CJ West,False,DT,DL,D,Indiana,23.0,,0,0,0,,,,,,,,,,,,,,,,,,
2025,4,114,CAR,,EtieTr01,trevor-etienne-1,Trevor Etienne,False,RB,RB,O,Georgia,21.0,,0,0,0,,,,,,,,,,,,,,,,,,
2025,4,115,ARI,,SimoCo01,cody-simon-1,Cody Simon,False,LB,LB,D,Ohio St.,23.0,,0,0,0,,,,,,,,,,,,,,,,,,
2025,4,116,HOU,,MarkWo00,joquavious-marks-1,Woody Marks,False,RB,RB,O,USC,24.0,,0,0,0,,,,,,,,,,,,,,,,,,
2025,4,117,LAR,,HuntJa03,jarquez-hunter-1,Jarquez Hunter,False,RB,RB,O,Auburn,22.0,,0,0,0,,,,,,,,,,,,,,,,,,
2025,4,118,ATL,,BowmBi01,billy-bowman-1,Billy Bowman,False,SAF,DB,D,Oklahoma,22.0,,0,0,0,,,,,,,,,,,,,,,,,,
2025,4,119,CIN,,CartBa00,barrett-carter-1,Barrett Carter,False,LB,LB,D,Clemson,22.0,,0,0,0,,,,,,,,,,,,,,,,,,
2025,4,120,TEN,,HelmGu00,gunnar-helm-1,Gunnar Helm,False,TE,TE,O,Texas,23.0,,0,0,0,,,,,,,,,,,,,,,,,,
2025,4,121,TAM,,WalkDa03,,David Walker,False,OLB,LB,D,Central Arkansas,25.0,,0,0,0,,,,,,,,,,,,,,,,,,
2025,4,122,CAR,,RansLa00,lathan-ransom-1,Lathan Ransom,False,SAF,DB,D,Ohio St.,23.0,,0,0,0,,,,,,,,,,,,,,,,,,
2025,4,123,PIT,,SawyJa00,jack-sawyer-2,Jack Sawyer,False,DE,DL,D,Ohio St.,23.0,,0,0,0,,,,,,,,,,,,,,,,,,
2025,4,124,GNB,,SorrBa00,barryn-sorrell-1,Barryn Sorrell,False,DE,DL,D,Texas,22.0,,0,0,0,,,,,,,,,,,,,,,,,,
2025,4,125,LAC,,KennKy00,kyle-kennard-1,Kyle Kennard,False,DE,DL,D,South Carolina,23.0,,0,0,0,,,,,,,,,,,,,,,,,,
2025,4,126,CLE,,SampDy00,dylan-sampson-1,Dylan Sampson,False,RB,RB,O,Tennessee,20.0,,0,0,0,,,,,,,,,,,,,,,,,,
2025,4,127,IND,,TravJa00,jalen-travis-1,Jalen Travis,False,OT,OL,O,Iowa St.,23.0,,0,0,0,,,,,,,,,,,,,,,,,,
2025,4,128,WAS,,LaneJa00,jaylin-lane-1,Jaylin Lane,False,WR,WR,O,Virginia Tech,23.0,,0,0,0,,,,,,,,,,,,,,,,,,
2025,4,129,BAL,,BuchTe00,teddye-buchanan-1,Teddye Buchanan,False,LB,LB,D,California,22.0,,0,0,0,,,,,,,,,,,,,,,,,,
2025,4,130,NYJ,,MoorMa04,malachi-moore-2,Malachi Moore,False,SAF,DB,D,Alabama,23.0,,0,0,0,,,,,,,,,,,,,,,,,,
2025,4,131,NOR,,RileQu00,quincy-riley-2,Quincy Riley,False,CB,DB,D,Louisville,24.0,,0,0,0,,,,,,,,,,,,,,,,,,
2025,4,132,CHI,,HyppRu00,ruban-hyppolite-ii-1,Ruben Hyppolite,False,LB,LB,D,Maryland,,,0,0,0,,,,,,,,,,,,,,,,,,
2025,4,133,KAN,,RoyaJa00,jalen-royals-1,Jalen Royals,False,WR,WR,O,Utah St.,22.0,,0,0,0,,,,,,,,,,,,,,,,,,
2025,4,134,DEN,,RobiQu00,quandarrius-robinson-1,Quandarrius Robinson,False,LB,LB,D,Alabama,24.0,,0,0,0,,,,,,,,,,,,,,,,,,
2025,4,135,LVR,,HemiTo00,tonka-hemingway-1,Tonka Hemingway,False,DT,DL,D,South Carolina,23.0,,0,0,0,,,,,,,,,,,,,,,,,,
2025,4,136,TEN,,AyomEl00,elic-ayomanor-1,Elic Ayomanor,False,WR,WR,O,Stanford,22.0,,0,0,0,,,,,,,,,,,,,,,,,,
2025,4,137,NWE,,FarmJo00,joshua-farmer-1,Joshua Farmer,False,DT,DL,D,Florida St.,22.0,,0,0,0,,,,,,,,,,,,,,,,,,
2025,4,138,SFO,,WatkJo00,jordan-watkins-2,Jordan Watkins,False,WR,WR,O,Mississippi,23.0,,0,0,0,,,,,,,,,,,,,,,,,,
2025,5,139,MIN,,IngrTy00,tyrion-ingram-dawkins-1,Tyrion Ingram-Dawkins,False,DE,DL,D,Georgia,22.0,,0,0,0,,,,,,,,,,,,,,,,,,
2025,5,140,CAR,,JackCa01,camron-jackson-1,Cam Jackson,False,DT,DL,D,Florida,23.0,,0,0,0,,,,,,,,,,,,,,,,,,
2025,5,141,BAL,,VinsCa00,,Carson Vinson,False,OT,OL,O,Alabama A&M,23.0,,0,0,0,,,,,,,,,,,,,,,,,,
2025,5,142,SEA,,MillRy02,rylie-mills-1,Rylie Mills,False,DL,DL,D,Notre Dame,24.0,,0,0,0,,,,,,,,,,,,,,,,,,
2025,5,143,MIA,,PhilJo02,jordan-phillips-2,Jordan Phillips,False,DL,DL,D,Maryland,21.0,,0,0,0,,,,,,,,,,,,,,,,,,
2025,5,144,CLE,,SandSh00,shedeur-sanders-1,Shedeur Sanders,False,QB,QB,O,Colorado,23.0,,0,0,0,,,,,,,,,,,,,,,,,,
2025,5,145,PHI,,McWiMa01,mac-mcwilliams-1,Mac McWilliams,False,CB,DB,D,Central Florida,23.0,,0,0,0,,,,,,,,,,,,,,,,,,
2025,5,146,NWE,,SwinBr01,bradyn-swinson-1,Bradyn Swinson,False,DE,DL,D,LSU,23.0,,0,0,0,,,,,,,,,,,,,,,,,,
2025,5,147,SFO,,JameJo01,jordan-james-3,Jordan James,False,RB,RB,O,Oregon,21.0,,0,0,0,,,,,,,,,,,,,,,,,,
2025,5,148,LAR,,HamiTy00,ty-hamilton-2,Ty Hamilton,False,DT,DL,D,Ohio St.,23.0,,0,0,0,,,,,,,,,,,,,,,,,,
2025,5,149,DAL,,BlueJa01,jaydon-blue-1,Jaydon Blue,False,RB,RB,O,Texas,21.0,,0,0,0,,,,,,,,,,,,,,,,,,
2025,5,150,MIA,,MarsJa00,jason-marshall-jr-1,Jason Marshall,False,CB,DB,D,Florida,23.0,,0,0,0,,,,,,,,,,,,,,,,,,
2025,5,151,IND,,GiddDJ00,dj-giddens-1,DJ Giddens,False,RB,RB,O,Kansas St.,22.0,,0,0,0,,,,,,,,,,,,,,,,,,
2025,5,152,DAL,,JameSh00,shemar-james-1,Shemar James,False,LB,LB,D,Florida,21.0,,0,0,0,,,,,,,,,,,,,,,,,,
2025,5,153,CIN,,RiveJa00,jalen-rivers-1,Jalen Rivers,False,OL,OL,O,Miami (FL),22.0,,0,0,0,,,,,,,,,,,,,,,,,,
2025,5,154,NYG,,MbowMa00,marcus-mbow-1,Marcus Mbow,False,OL,OL,O,Purdue,22.0,,0,0,0,,,,,,,,,,,,,,,,,,
2025,5,155,MIA,,TradDa00,dante-trader-1,Dante Trader,False,SAF,DB,D,Maryland,22.0,,0,0,0,,,,,,,,,,,,,,,,,,
2025,5,156,KAN,,BassJe00,jeffrey-bassa-1,Jeffrey Bassa,False,LB,LB,D,Oregon,22.0,,0,0,0,,,,,,,,,,,,,,,,,,
2025,5,157,TAM,,RobeEl01,elijah-roberts-1,Elijah Roberts,False,DT,DL,D,SMU,23.0,,0,0,0,,,,,,,,,,,,,,,,,,
2025,5,158,LAC,,LambKe01,keandre-lambert-smith-1,KeAndre Lambert-Smith,False,WR,WR,O,Auburn,23.0,,0,0,0,,,,,,,,,,,,,,,,,,
2025,5,159,GNB,,OlivCo00,collin-oliver-1,Collin Oliver,False,DE,DL,D,Oklahoma St.,22.0,,0,0,0,,,,,,,,,,,,,,,,,,
2025,5,160,SFO,,SiglMa00,marques-sigle-1,Marques Sigle,False,SAF,DB,D,Kansas St.,23.0,,0,0,0,,,,,,,,,,,,,,,,,,
2025,5,161,PHI,,MondSm01,smael-mondon-jr-1,Smael Mondon,False,LB,LB,D,Georgia,22.0,,0,0,0,,,,,,,,,,,,,,,,,,
2025,5,162,NYJ,,MauiFr00,francisco-mauigoa-1,Francisco Mauigoa,False,LB,LB,D,Miami (FL),22.0,,0,0,0,,,,,,,,,,,,,,,,,,
2025,5,163,CAR,,EvanMi01,mitchell-evans-2,Mitchell Evans,False,TE,TE,O,Notre Dame,22.0,,0,0,0,,,,,,,,,,,,,,,,,,
2025,5,164,PIT,,BlacYa00,yahya-black-1,Yahya Black,False,DT,DL,D,Iowa,23.0,,0,0,0,,,,,,,,,,,,,,,,,,
2025,5,165,LAC,,GadsOr01,oronde-gadsden-ii-1,Oronde Gadsden,False,TE,TE,O,Syracuse,22.0,,0,0,0,,,,,,,,,,,,,,,,,,
2025,5,166,SEA,,HortTo00,tory-horton-1,Tory Horton,False,WR,WR,O,Colorado St.,22.0,,0,0,0,,,,,,,,,,,,,,,,,,
2025,5,167,TEN,,SlatJa01,,Jackson Slater,False,OL,OL,O,Sacramento St.,22.0,,0,0,0,,,,,,,,,,,,,,,,,,
2025,5,168,PHI,,KendDr00,drew-kendall-1,Drew Kendall,False,C,OL,O,Boston Col.,23.0,,0,0,0,,,,,,,,,,,,,,,,,,
2025,5,169,CHI,,FrazZa01,zah-frazier-1,Zah Frazier,False,CB,DB,D,Texas-San Antonio,24.0,,0,0,0,,,,,,,,,,,,,,,,,,
2025,5,170,BUF,,HancJo00,jordan-hancock-1,Jordan Hancock,False,SAF,DB,D,Ohio St.,22.0,,0,0,0,,,,,,,,,,,,,,,,,,
2025,5,171,DET,,FrazMi00,miles-frazier-1,Miles Frazier,False,OG,OG,,LSU,23.0,,0,0,0,,,,,,,,,,,,,,,,,,
2025,5,172,LAR,,PaulCh01,chris-paul-jr-1,Chris Paul,False,LB,LB,D,Mississippi,22.0,,0,0,0,,,,,,,,,,,,,,,,,,
2025,5,173,BUF,,HaweJa00,jackson-hawes-1,Jackson Hawes,False,TE,TE,O,Georgia Tech,24.0,,0,0,0,,,,,,,,,,,,,,,,,,
2025,5,174,ARI,,BurkDe01,denzel-burke-1,Denzel Burke,False,CB,DB,D,Ohio St.,22.0,,0,0,0,,,,,,,,,,,,,,,,,,
2025,5,175,SEA,,OuztRo00,robbie-ouzts-1,Robbie Ouzts,False,TE,TE,O,Alabama,23.0,,0,0,0,,,,,,,,,,,,,,,,,,
2025,5,176,NYJ,,BaroTy00,tyler-baron-1,Tyler Baron,False,DE,DL,D,Miami (FL),23.0,,0,0,0,,,,,,,,,,,,,,,,,,
2025,6,177,BUF,,StroDo01,dorian-strong-1,Dorian Strong,False,CB,DB,D,Virginia Tech,23.0,,0,0,0,,,,,,,,,,,,,,,,,,
2025,6,178,BAL,,KoneBi00,bilhal-kone-1,Bilhal Kone,False,CB,DB,D,Western Michigan,23.0,,0,0,0,,,,,,,,,,,,,,,,,,
2025,6,179,MIA,,GordOl00,ollie-gordon-1,Ollie Gordon,False,RB,RB,O,Oklahoma St.,21.0,,0,0,0,,,,,,,,,,,,,,,,,,
2025,6,180,LVR,,PeguJJ00,jj-pegues-1,JJ Pegues,False,DT,DL,D,Mississippi,23.0,,0,0,0,,,,,,,,,,,,,,,,,,
2025,6,181,PHI,,McCoKy00,kyle-mccord-1,Kyle McCord,False,QB,QB,O,Syracuse,22.0,,0,0,0,,,,,,,,,,,,,,,,,,
2025,6,182,NWE,,BorrAn00,andres-borregales-1,Andres Borregales,False,K,K,S,Miami (FL),23.0,,0,0,0,,,,,,,,,,,,,,,,,,
2025,6,183,TEN,,HarrMa10,marcus-harris-3,Marcus Harris,False,DB,DB,D,California,24.0,,0,0,0,,,,,,,,,,,,,,,,,,
2025,6,184,NOR,,NealDe00,devin-neal-3,Devin Neal,False,RB,RB,O,Kansas,22.0,,0,0,0,,,,,,,,,,,,,,,,,,
2025,6,185,PIT,,HowaWi01,will-howard-2,Will Howard,False,QB,QB,O,Ohio St.,23.0,,0,0,0,,,,,,,,,,,,,,,,,,
2025,6,186,BAL,,LoopTy00,tyler-loop-1,Tyler Loop,False,K,K,S,Arizona,,,0,0,0,,,,,,,,,,,,,,,,,,
2025,6,187,HOU,,ReedJa04,jaylen-reed-1,Jaylen Reed,False,SAF,DB,D,Penn St.,22.0,,0,0,0,,,,,,,,,,,,,,,,,,
2025,6,188,TEN,,MullKa00,kalel-mullings-1,Kalel Mullings,False,RB,RB,O,Michigan,22.0,,0,0,0,,,,,,,,,,,,,,,,,,
2025,6,189,IND,,LeonRi02,riley-leonard-1,Riley Leonard,False,QB,QB,O,Notre Dame,22.0,,0,0,0,,,,,,,,,,,,,,,,,,
2025,6,190,IND,,SmitTi02,tim-smith-8,Tim Smith,False,DL,DL,D,Alabama,23.0,,0,0,0,,,,,,,,,,,,,,,,,,
2025,6,191,PHI,,HintMy00,myles-hinton-1,Myles Hinton,False,OT,OL,O,Michigan,23.0,,0,0,0,,,,,,,,,,,,,,,,,,
2025,6,192,SEA,,CabeBr00,bryce-cabeldue-1,Bryce Cabeldue,False,OT,OL,O,Kansas,24.0,,0,0,0,,,,,,,,,,,,,,,,,,
2025,6,193,CIN,,BrooTa00,tahj-brooks-1,Tahj Brooks,False,RB,RB,O,Texas Tech,23.0,,0,0,0,,,,,,,,,,,,,,,,,,
2025,6,194,JAX,,McLeJa00,jalen-mcleod-1,Jalen McLeod,False,DE,DL,D,Auburn,23.0,,0,0,0,,,,,,,,,,,,,,,,,,
2025,6,195,CHI,,NewmLu00,luke-newman-1,Luke Newman,False,OG,OG,,Michigan St.,23.0,,0,0,0,,,,,,,,,,,,,,,,,,
2025,6,196,DET,,HassAh00,ahmed-hassanein-1,Ahmed Hassanein,False,DE,DL,D,Boise St.,23.0,,0,0,0,,,,,,,,,,,,,,,,,,
2025,6,197,HOU,,MertGr00,graham-mertz-1,Graham Mertz,False,QB,QB,O,Florida,24.0,,0,0,0,,,,,,,,,,,,,,,,,,
2025,6,198,GNB,,BrinWa00,warren-brinson-1,Warren Brinson,False,DL,DL,D,Georgia,23.0,,0,0,0,,,,,,,,,,,,,,,,,,
2025,6,199,LAC,,TaylBr04,branson-taylor-1,Branson Taylor,False,OL,OL,O,Pittsburgh,23.0,,0,0,0,,,,,,,,,,,,,,,,,,
2025,6,200,JAX,,LaneRa00,rayuan-lane-1,Rayuan Lane,False,FS,FS,,Navy,22.0,,0,0,0,,,,,,,,,,,,,,,,,,
2025,6,201,MIN,,KingKo00,kobe-king-1,Kobe King,False,LB,LB,D,Penn St.,22.0,,0,0,0,,,,,,,,,,,,,,,,,,
2025,6,202,MIN,,BartGa00,gavin-bartholomew-1,Gavin Bartholomew,False,TE,TE,O,Pittsburgh,22.0,,0,0,0,,,,,,,,,,,,,,,,,,
2025,6,203,BAL,,WestLa01,lajohntay-wester-1,LaJohntay Wester,False,WR,WR,O,Colorado,23.0,,0,0,0,,,,,,,,,,,,,,,,,,
2025,6,204,DAL,,CornAj00,ajani-cornelius-1,Ajani Cornelius,False,OL,OL,O,Oregon,23.0,,0,0,0,,,,,,,,,,,,,,,,,,
2025,6,205,WAS,,MedrKa00,kain-medrano-1,Kain Medrano,False,LB,LB,D,UCLA,24.0,,0,0,0,,,,,,,,,,,,,,,,,,
2025,6,206,BUF,,LundCh00,chase-lundt-1,Chase Lundt,False,OL,OL,O,Connecticut,25.0,,0,0,0,,,,,,,,,,,,,,,,,,
2025,6,207,PHI,,WillCa04,cameron-williams-1,Cameron Williams,False,OL,OL,O,Texas,21.0,,0,0,0,,,,,,,,,,,,,,,,,,
2025,6,208,CAR,,HornJi00,jimmy-horn-jr-1,Jimmy Horn,False,WR,WR,O,Colorado,22.0,,0,0,0,,,,,,,,,,,,,,,,,,
2025,6,209,PHI,,PoweAn00,antwuan-powell-1,Antwaun Powell-Ryland,False,DE,DL,D,Virginia Tech,23.0,,0,0,0,,,,,,,,,,,,,,,,,,
2025,6,210,BAL,,PeebAe00,aeneas-peebles-1,Aeneas Peebles,False,DT,DL,D,Virginia Tech,24.0,,0,0,0,,,,,,,,,,,,,,,,,,
2025,6,211,ARI,,ConnHa00,hayden-conner-1,Hayden Conner,False,OL,OL,O,Texas,23.0,,0,0,0,,,,,,,,,,,,,,,,,,
2025,6,212,BAL,,LongRo00,robert-longerbeam-1,Robert Longerbeam,False,DB,DB,D,Rutgers,24.0,,0,0,0,,,,,,,,,,,,,,,,,,
2025,6,213,LVR,,MellTo00,,Tommy Mellott,False,QB,QB,O,Montana St.,,,0,0,0,,,,,,,,,,,,,,,,,,
2025,6,214,LAC,,MickRJ00,rj-mickens-1,R.J. Mickens,False,SAF,DB,D,Clemson,24.0,,0,0,0,,,,,,,,,,,,,,,,,,
2025,6,215,LVR,,MillCa00,,Cam Miller,False,QB,QB,O,North Dakota St.,24.0,,0,0,0,,,,,,,,,,,,,,,,,,
2025,6,216,DEN,,CrawJe00,jeremy-crawshaw-1,Jeremy Crawshaw,False,P,P,S,Florida,24.0,,0,0,0,,,,,,,,,,,,,,,,,,
2025,7,217,DAL,,ToiaJa00,jay-toia-1,Jay Toia,False,DT,DL,D,UCLA,22.0,,0,0,0,,,,,,,,,,,,,,,,,,
2025,7,218,ATL,,NelsJa01,jack-nelson-1,Jack Nelson,False,OT,OL,O,Wisconsin,23.0,,0,0,0,,,,,,,,,,,,,,,,,,
2025,7,219,NYG,,FidoTh00,thomas-fidone-iii-1,Thomas Fidone,False,TE,TE,O,Nebraska,22.0,,0,0,0,,,,,,,,,,,,,,,,,,
2025,7,220,NWE,,BryaMa02,marcus-bryant-1,Marcus Bryant,False,OL,OL,O,Missouri,23.0,,0,0,0,,,,,,,,,,,,,,,,,,
2025,7,221,JAX,,MonhJo00,jonah-monheim-1,Jonah Monheim,False,OL,OL,O,USC,23.0,,0,0,0,,,,,,,,,,,,,,,,,,
2025,7,222,LVR,,LindCo00,cody-lindenberg-1,Cody Lindenberg,False,LB,LB,D,Minnesota,23.0,,0,0,0,,,,,,,,,,,,,,,,,,
2025,7,223,SEA,,MartDa02,damien-martinez-1,Damien Martinez,False,RB,RB,O,Miami (FL),21.0,,0,0,0,,,,,,,,,,,,,,,,,,
2025,7,224,HOU,,HamiKy01,kyonte-hamilton-1,Kyonte Hamilton,False,DL,DL,D,Rutgers,22.0,,0,0,0,,,,,,,,,,,,,,,,,,
2025,7,225,ARI,,CrawKi00,kitan-crawford-1,Kitan Crawford,False,SAF,DB,D,Nevada,23.0,,0,0,0,,,,,,,,,,,,,,,,,,
2025,7,226,PIT,,BrueCa00,carson-bruener-1,Carson Bruener,False,LB,LB,D,Washington,24.0,,0,0,0,,,,,,,,,,,,,,,,,,
2025,7,227,SFO,,RourKu01,kurtis-rourke-1,Kurtis Rourke,False,QB,QB,O,Indiana,24.0,,0,0,0,,,,,,,,,,,,,,,,,,
2025,7,228,KAN,,SmitBr09,brashard-smith-1,Brashard Smith,False,RB,RB,O,SMU,22.0,,0,0,0,,,,,,,,,,,,,,,,,,
2025,7,229,PIT,,KentDo00,donte-kent-1,Donte Kent,False,CB,DB,D,Central Michigan,23.0,,0,0,0,,,,,,,,,,,,,,,,,,
2025,7,230,DET,,JackDa04,dan-jackson-2,Dan Jackson,False,SAF,DB,D,Georgia,24.0,,0,0,0,,,,,,,,,,,,,,,,,,
2025,7,231,MIA,,EwerQu00,quinn-ewers-1,Quinn Ewers,False,QB,QB,O,Texas,22.0,,0,0,0,,,,,,,,,,,,,,,,,,
2025,7,232,IND,,WohlHu00,hunter-wohler-1,Hunter Wohler,False,SAF,DB,D,Wisconsin,22.0,,0,0,0,,,,,,,,,,,,,,,,,,
2025,7,233,CHI,,MonaKy00,kyle-monangai-1,Kyle Monangai,False,RB,RB,O,Rutgers,23.0,,0,0,0,,,,,,,,,,,,,,,,,,
2025,7,234,SEA,,RichMa01,mason-richman-1,Mason Richman,False,OL,OL,O,Iowa,23.0,,0,0,0,,,,,,,,,,,,,,,,,,
2025,7,235,TAM,,JohnTe03,tez-johnson-1,Tez Johnson,False,WR,WR,O,Oregon,23.0,,0,0,0,,,,,,,,,,,,,,,,,,
2025,7,236,JAX,,AlleLe01,lequint-allen-1,LeQuint Allen,False,RB,RB,O,Syracuse,,,0,0,0,,,,,,,,,,,,,,,,,,
2025,7,237,GNB,,RobiMi01,micah-robinson-2,Micah Robinson,False,CB,DB,D,Tulane,23.0,,0,0,0,,,,,,,,,,,,,,,,,,
2025,7,238,SEA,,WhitRi01,ricky-white-2,Ricky White,False,WR,WR,O,UNLV,23.0,,0,0,0,,,,,,,,,,,,,,,,,,
2025,7,239,DAL,,MafaPh00,phil-mafah-1,Phil Mafah,False,RB,RB,O,Clemson,22.0,,0,0,0,,,,,,,,,,,,,,,,,,
2025,7,240,BUF,,PratKa00,kaden-prather-1,Kaden Prather,False,WR,WR,O,Maryland,23.0,,0,0,0,,,,,,,,,,,,,,,,,,
2025,7,241,DEN,,LohnCa00,caleb-lohner-1,Caleb Lohner,False,TE,TE,O,Utah,24.0,,0,0,0,,,,,,,,,,,,,,,,,,
2025,7,242,LAR,,MumpKo00,konata-mumpfield-1,Konata Mumpfield,False,WR,WR,O,Pittsburgh,22.0,,0,0,0,,,,,,,,,,,,,,,,,,
2025,7,243,BAL,,DellGa00,garrett-dellinger-1,Garrett Dellinger,False,OG,OG,,LSU,23.0,,0,0,0,,,,,,,,,,,,,,,,,,
2025,7,244,DET,,LoveDo00,dominic-lovett-1,Dominic Lovett,False,WR,WR,O,Georgia,22.0,,0,0,0,,,,,,,,,,,,,,,,,,
2025,7,245,WAS,,CrosJa00,jacory-croskey-merritt-1,Jacory Croskey-Merritt,False,RB,RB,O,Arizona,24.0,,0,0,0,,,,,,,,,,,,,,,,,,
2025,7,246,NYG,,BlacKo00,korie-black-1,Korie Black,False,CB,DB,D,Oklahoma St.,23.0,,0,0,0,,,,,,,,,,,,,,,,,,
2025,7,247,DAL,,AkinTo00,tommy-akingbesote-1,Tommy Akingbesote,False,DT,DL,D,Maryland,22.0,,0,0,0,,,,,,,,,,,,,,,,,,
2025,7,248,NOR,,MataMo00,moliki-matavao-1,Moliki Matavao,False,TE,TE,O,UCLA,22.0,,0,0,0,,,,,,,,,,,,,,,,,,
2025,7,249,SFO,,ColbCo00,connor-colby-1,Connor Colby,False,OL,OL,O,Iowa,22.0,,0,0,0,,,,,,,,,,,,,,,,,,
2025,7,250,GNB,,WillJo11,john-williams-19,John Williams,False,OL,OL,O,Cincinnati,23.0,,0,0,0,,,,,,,,,,,,,,,,,,
2025,7,251,NWE,,AshbJu00,julian-ashby-1,Julian Ashby,False,LS,LS,S,Vanderbilt,23.0,,0,0,0,,,,,,,,,,,,,,,,,,
2025,7,252,SFO,,BergJu00,,Junior Bergen,False,WR,WR,O,Montana,,,0,0,0,,,,,,,,,,,,,,,,,,
2025,7,253,MIA,,BiggZe01,zeek-biggers-1,Zeek Biggers,False,DL,DL,D,Georgia Tech,21.0,,0,0,0,,,,,,,,,,,,,,,,,,
2025,7,254,NOR,,DiggFa00,fadil-diggs-1,Fadil Diggs,False,DE,DL,D,Syracuse,23.0,,0,0,0,,,,,,,,,,,,,,,,,,
2025,7,255,HOU,,LachLu00,luke-lachey-1,Luke Lachey,False,TE,TE,O,Iowa,24.0,,0,0,0,,,,,,,,,,,,,,,,,,
2025,7,256,LAC,,BridTr00,trikweze-bridges-1,Trikweze Bridges,False,SAF,DB,D,Florida,24.0,,0,0,0,,,,,,,,,,,,,,,,,,
2025,7,257,NWE,,MinoKo00,kobee-minor-1,Kobee Minor,False,DB,DB,D,Memphis,,,0,0,0,,,,,,,,,,,,,,,,,,
